<?xml version="1.0" encoding="UTF-8"?>
<beans xmlns="http://www.springframework.org/schema/beans"
		xmlns:xsi="http://www.w3.org/2001/XMLSchema-instance"
		xmlns:tx="http://www.springframework.org/schema/tx"
		xsi:schemaLocation="http://www.springframework.org/schema/beans
							http://www.springframework.org/schema/beans/spring-beans-3.0.xsd">

	<bean class="org.springframework.ws.server.endpoint.mapping.PayloadRootQNameEndpointMapping">
        <property name="defaultEndpoint" ref="createSubjectEndpoint"/>
    </bean>

    <!--<bean id="createSubjectDefinition" class="org.springframework.ws.wsdl.wsdl11.DynamicWsdl11Definition">
        <property name="builder">
            <bean class="org.springframework.ws.wsdl.wsdl11.builder.XsdBasedSoap11Wsdl4jDefinitionBuilder">
                <property name="schema" value="/WEB-INF/schemas/subject.xsd"/>
                <property name="portTypeName" value="ws"/>
                <property name="locationUri" value="/ws"/>
            </bean>
        </property>
    </bean>
    -->
    <bean id="createSubjectDefinition" class="org.springframework.ws.wsdl.wsdl11.DefaultWsdl11Definition">
        <property name="schema" ref="schema"/>
        <property name="portTypeName" value="ws"/>
        <property name="locationUri" value="/ws"/>
     </bean>
     
     <bean id="schema" class="org.springframework.xml.xsd.SimpleXsdSchema">
         <property name="xsd" value="/WEB-INF/schemas/subject.xsd" />
     </bean>
    
    <bean id="createSubjectEndpoint" class="org.akaza.openclinica.ws.CreateSubjectEndpoint">
    <constructor-arg ref="subjectService"/>
    </bean>


</beans>