<?xml version="1.0" encoding="UTF-8"?>
<beans
        xmlns="http://www.springframework.org/schema/beans"
        xmlns:xsi="http://www.w3.org/2001/XMLSchema-instance"
        xmlns:p="http://www.springframework.org/schema/p"
        xmlns:context="http://www.springframework.org/schema/context"
        xmlns:mvc="http://www.springframework.org/schema/mvc"
        xmlns:oxm="http://www.springframework.org/schema/oxm"
        xmlns:util="http://www.springframework.org/schema/util"
        xsi:schemaLocation="
            http://www.springframework.org/schema/beans http://www.springframework.org/schema/beans/spring-beans-3.0.xsd
            http://www.springframework.org/schema/context http://www.springframework.org/schema/context/spring-context-3.0.xsd
            http://www.springframework.org/schema/mvc http://www.springframework.org/schema/mvc/spring-mvc-3.0.xsd
            http://www.springframework.org/schema/util http://www.springframework.org/schema/util/spring-util-3.0.xsd
            http://www.springframework.org/schema/oxm http://www.springframework.org/schema/oxm/spring-oxm-3.0.xsd">

    <bean id="accessConfirmationController" class="org.akaza.openclinica.controller.AccessConfirmationController">
        <property name="clientDetailsService" ref="clientDetails"/>
    </bean> 
    
    <bean id="urlMapping" class="org.springframework.web.servlet.handler.SimpleUrlHandlerMapping">
    <property name="mappings">
      <props>
        <prop key="/oauth/confirm_access">accessConfirmationController</prop>
      </props>
    </property>
    <property name="alwaysUseFullPath" value="true"/>
  </bean>


    <!-- Simple redirects to internal resources; URL path substring becomes view name (e.g. '/login.htm' -> 'login') -->
    <bean name="/login/login" class="org.springframework.web.servlet.mvc.UrlFilenameViewController" />
    <bean name="/denied" class="org.springframework.web.servlet.mvc.UrlFilenameViewController"/>
    
    <bean class="org.springframework.web.servlet.mvc.SimpleControllerHandlerAdapter" />

    <!-- Scans the classpath of this application for @Components to deploy as beans -->
    <context:component-scan base-package="org.akaza.openclinica.controller" />

    <bean class="org.akaza.openclinica.controller.SidebarInit" name="sidebarInit">
        <property name="alertsBoxSetup" value="OPENALERTS" />
        <property name="enableIconsBoxSetup" value="DISABLEICONS"/>
        <property name="infoBoxSetup" value="OPENINFO" />
        <property name="instructionsBoxSetup" value="OPENINSTRUCTIONS"/>
    </bean>

    <bean name="setUpUserInterceptor" class="org.akaza.openclinica.controller.helper.SetUpUserInterceptor">
    	<property name="dataSource" ref="dataSource"/>
    </bean>

    <bean name="sdvFactory" class="org.akaza.openclinica.web.table.sdv.SubjectIdSDVFactory">
    	<property name="dataSource" ref="dataSource"/>
    </bean>
   
   
       <bean name="scheduledJobTableFactory" class="org.akaza.openclinica.web.table.scheduledjobs.ScheduledJobTableFactory">
    </bean>
                 
	
    <bean id="castorMarshaller" class="org.springframework.oxm.castor.CastorMarshaller" >
        <property name="mappingLocation" value="classpath:properties/mappingMarshaller.xml" />
    </bean>
    
    <oxm:jaxb2-marshaller id="jaxbMarshaller" contextPath="org.cdisc.ns.odm.v130:org.cdisc.ns.odm.v130_api:org.openclinica.ns.odm_ext_v130.v31_api:org.openclinica.ns.odm_ext_v130.v31:org.openclinica.ns.rules.v31:org.openclinica.ns.response.v31:org.openclinica.ns.rules_test.v31"/>
    
    <bean id="marshallingHttpMessageConverter"  class="org.springframework.http.converter.xml.MarshallingHttpMessageConverter">
        <property name="marshaller" ref="jaxbMarshaller" />
        <property name="unmarshaller" ref="jaxbMarshaller" />
        <property name="supportedMediaTypes" value="application/xml"/>
    </bean>
    
    <bean id="stringHttpMessageConverter" class="org.springframework.http.converter.StringHttpMessageConverter"/>
 
    <bean id="jacksonMessageConverter" class="org.springframework.http.converter.json.MappingJacksonHttpMessageConverter">
        <property name="supportedMediaTypes" value="application/json"/>
    </bean>
 
    <bean class="org.springframework.web.servlet.mvc.annotation.DefaultAnnotationHandlerMapping"/>
    
    <bean class="org.springframework.web.servlet.mvc.annotation.AnnotationMethodHandlerAdapter">
        <property name="messageConverters">
            <util:list id="beanList">
                <ref bean="marshallingHttpMessageConverter"/>
                <ref bean="jacksonMessageConverter"/>
            </util:list>
        </property>
    </bean>
    
    <!-- This tag registers the DefaultAnnotationHandlerMapping and AnnotationMethodHandlerAdapter 
         beans that are required for Spring MVC to dispatch requests to @Controllers.
         KK - commented this out and manually created the beans to configure converters. 
    <mvc:annotation-driven />  
    --> 
	
	<bean class="org.springframework.web.servlet.handler.BeanNameUrlHandlerMapping"/>
	
    
    <!-- Resolves logical view names to JSP views -->
    <bean class="org.springframework.web.servlet.view.InternalResourceViewResolver" id="internalViewResolver"
          p:prefix="/WEB-INF/jsp/" p:suffix=".jsp" />
         
     

</beans>
