<?xml version="1.0" encoding="UTF-8"?>
<beans xmlns="http://www.springframework.org/schema/beans"
	xmlns:xsi="http://www.w3.org/2001/XMLSchema-instance"
	xmlns:util="http://www.springframework.org/schema/util"
	xmlns:security="http://www.springframework.org/schema/security"
	xsi:schemaLocation="http://www.springframework.org/schema/beans 
                           http://www.springframework.org/schema/beans/spring-beans-2.5.xsd
                           http://www.springframework.org/schema/util 
                           http://www.springframework.org/schema/util/spring-util-2.5.xsd
                           http://www.springframework.org/schema/security http://www.springframework.org/schema/security/spring-security-2.0.xsd">

	<security:http auto-config="true"
		access-denied-page="/accounts/denied.htm">
		<security:form-login login-page="/login/login"
			authentication-failure-url="/WEB-INF/jsp/login/login.jsp?action=errorLogin" />
		<security:intercept-url pattern="/accounts/edit*"
			access="ROLE_ADMIN" />
		<security:intercept-url pattern="/accounts/account*"
			access="ROLE_ADMIN,ROLE_MEMBER" />
		<security:intercept-url pattern="/**"
			access="ROLE_USER" />

	</security:http>

	<security:authentication-provider>
		<security:password-encoder hash="md5" />
		<security:user-service properties="/WEB-INF/users.properties" />
	</security:authentication-provider>

	<!--<security:global-method-security secured-annotations="enabled">
		<security:protect-pointcut
			expression="execution(* com.springsource..*Service.*(..))"
			access="ROLE_USER" />
	</security:global-method-security>

--></beans>