<?xml version="1.0" encoding="UTF-8"?>
<beans xmlns="http://www.springframework.org/schema/beans"
		xmlns:xsi="http://www.w3.org/2001/XMLSchema-instance"
		xmlns:tx="http://www.springframework.org/schema/tx"
		xmlns:util="http://www.springframework.org/schema/util"
		xsi:schemaLocation="http://www.springframework.org/schema/beans
							http://www.springframework.org/schema/beans/spring-beans-3.0.xsd
							http://www.springframework.org/schema/util 
							http://www.springframework.org/schema/util/spring-util-3.0.xsd">

     
     <!-- WSDL Definitions -->
     <bean id="subjectWsdl" class="org.springframework.ws.wsdl.wsdl11.DefaultWsdl11Definition">
        <property name="schema" ref="schema"/>
        <property name="portTypeName" value="ws"/>
        <property name="locationUri" value="/ws/subject/v1"/>
     </bean>
     
     <bean id="schema" class="org.springframework.xml.xsd.SimpleXsdSchema">
         <property name="xsd" value="/WEB-INF/schemas/subject.xsd" />
     </bean>
     
     <bean id="studySubjectWsdl" class="org.springframework.ws.wsdl.wsdl11.DefaultWsdl11Definition">
        <property name="schema" ref="studySubjectSchema"/>
        <property name="portTypeName" value="ws"/>
        <property name="locationUri" value="/ws/studySubject/v1"/>
     </bean>
     
     <bean id="studySubjectSchema" class="org.springframework.xml.xsd.SimpleXsdSchema">
         <property name="xsd" value="/WEB-INF/schemas/studySubject.xsd" />
     </bean>
     
     <bean id="eventWsdl" class="org.springframework.ws.wsdl.wsdl11.DefaultWsdl11Definition">
        <property name="schema" ref="eventSchema"/>
        <property name="portTypeName" value="ws"/>
        <property name="locationUri" value="/ws/event/v1"/>
     </bean>
     
     <bean id="eventSchema" class="org.springframework.xml.xsd.SimpleXsdSchema">
         <property name="xsd" value="/WEB-INF/schemas/event.xsd" />
     </bean>
     
     <bean id="crfWsdl" class="org.springframework.ws.wsdl.wsdl11.DefaultWsdl11Definition">
        <property name="schema" ref="crfSchema"/>
        <property name="portTypeName" value="ImageRepository"/>
        <property name="locationUri" value="/ws/crf/v1"/>
    </bean>
    
    <bean id="crfSchema" class="org.springframework.xml.xsd.SimpleXsdSchema">
        <property name="xsd" value="/WEB-INF/schemas/crf.xsd"/>
    </bean>
    
    <!-- Endpoint Mappings  -->
    <bean class="org.springframework.ws.server.endpoint.mapping.PayloadRootAnnotationMethodEndpointMapping">
        <property name="interceptors">
            <list><ref bean="wsSecurityInterceptor"/></list>
        </property>
    </bean>
    
    <!--  Annotation Based MethodEndpoint Adapter -->
    <bean class="org.springframework.ws.server.endpoint.adapter.XPathParamAnnotationMethodEndpointAdapter">
        <property name="namespaces">
            <props>
                <prop key="s">http://openclinica.org/ws/subject/v1</prop>
                <prop key="e">http://openclinica.org/ws/event/v1</prop>
                <prop key="studySubject">http://openclinica.org/ws/studySubject/v1</prop>
            </props>
        </property>
    </bean>
    
    <bean class="org.springframework.ws.server.endpoint.adapter.GenericMarshallingMethodEndpointAdapter">
        <constructor-arg ref="jaxb2Marshaller"/>
    </bean>

    <bean id="jaxb2Marshaller" class="org.springframework.oxm.jaxb.Jaxb2Marshaller">
        <property name="contextPath" value="org.akaza.openclinica.ws.generated"/>
        <property name="mtomEnabled" value="true"/>
    </bean>
    
    <!--  Endpoints 
    <bean id="subjectEndpoint" class="org.akaza.openclinica.ws.SubjectEndpoint">
        <constructor-arg ref="subjectService"/>
        <constructor-arg ref="dataSource"/>
        <property name="dateFormat" value="yyyy-MM-dd"/>
    </bean>-->  
    
    <bean id="studySubjectEndpoint" class="org.akaza.openclinica.ws.StudySubjectEndpoint">
        <constructor-arg ref="subjectService"/>
        <constructor-arg ref="dataSource"/>
        <property name="dateFormat" value="yyyy-MM-dd"/>
    </bean>
    
    <bean id="eventEndpoint" class="org.akaza.openclinica.ws.EventEndpoint">
        <constructor-arg ref="eventService"/>
        <constructor-arg ref="dataSource"/>
        <property name="dateFormat" value="yyyy-MM-dd"/>
    </bean>
    
    <bean id="crfEndpoint" class="org.akaza.openclinica.ws.CrfEndpoint">
        <constructor-arg ref="subjectService"/>
        <constructor-arg ref="dataSource"/>
        <property name="dateFormat" value="yyyy-MM-dd"/>
        <property name="dataInfo" ref="dataInfo"/>
    </bean>
    
    <!-- Security -->
    <bean id="wsSecurityInterceptor" class="org.springframework.ws.soap.security.xwss.XwsSecurityInterceptor">
        <property name="secureResponse" value="false"/>
        <property name="policyConfiguration" value="classpath:securityPolicy.xml"/>
        <property name="callbackHandlers" ref="springSecurityHandler"/>
    </bean>
    
    <bean id="authenticationManager" class="org.springframework.security.providers.ProviderManager">
      <property name="providers">
          <bean class="org.springframework.security.providers.dao.DaoAuthenticationProvider">
              <property name="userDetailsService" ref="ocUserDetailsService"/>
          </bean>
      </property>
    </bean>
  
    <bean id="springSecurityHandler"
      class="org.springframework.ws.soap.security.xwss.callback.SpringPlainTextPasswordValidationCallbackHandler">
    <property name="authenticationManager" ref="authenticationManager"/>
    </bean>
</beans>
    
    